Id,CodMed,Generico,Forma,Concentracion,Comercial,Unidad,POS,Usado,Insumo,Cuenta,Codigo,CUMS,AtributoComercial,ActivoHC,MediControl,ViaAdministracion,CodigoCUMS,UnidadMedida,MedicamentoControl,GrupoFarmacologico,Area,Liquido,SolicitadoEnfermera,Diluyente,Nombre,UnidadesMaximas,ConversionUnidad,TipoPrescripcion,Descripcion,EsComercial,Oxigeno,EsOxidoNitrico,Volumen,UnidadMedidaVolumen,UnidadEquivalente,Recaudo,AplicaDistribucion,ConcentracionSolvente,UnidadMedidaSolvente,AlternativaPos,Requierevariable,CentralMezclas,NutricionParenteral,ConcentracionMaximaDia,ConcentracionMaximaDosis
5,139555,BUPINET 0.75,017,0.75,BUPINET 0.75,49,1,0,1,,1530045,1530045,,1,,,,,,28,03,1,0,0,BUPINET 0.75 0.75,0,0,,BUPINET 0.75 Disp. Med. 0.75 %,0,0,0,0.75,49,8,01,0,,,0,0,0,,0,0,
6,19937960-6,PROPOFOL 1%,008,200,PROPOFOL 1% AMP,31,1,1,0,,N01AX10,,,1,0,,,,,36,01,0,0,1,PROPOFOL 1% 200,0,0,,PROPOFOL 1% Vial 200 mg / 20 ml,0,0,0,20,46,9,02,0,20,46,0,0,0,,0,0,
7,19953524-1,DEXTROSA 5% EN AGUA DESTILADA,09,250,DEXTROSA 5% EN AGUA DESTILADA,46,1,1,0,,B05BD009701,,,1,1,,,,,10,01,1,1,1,DEXTROSA 5% EN AGUA DESTILADA 250,0,0,,DEXTROSA 5% EN AGUA DESTILADA Solucion Inyectable 250 ml,0,0,0,250,46,8,01,0,,,0,0,0,0,0,0,
8,19972347-1,NOREPINEFRINA,03,4,NOREPINEFRINA 4 MG,31,1,1,0,,C01CA03,,,1,,,,,,29,01,0,0,1,NOREPINEFRINA 4,0,0,,NOREPINEFRINA Ampolla 4 mg / 4 ml,0,0,0,4,46,9,02,0,4,46,0,0,0,,0,0,
9,19972965-01,SOLUCION SALINA 0.9 %,09,500,SOLUCION SALINA 0.9 %  500 CC,46,1,1,0,,B05BS004701,,,1,1,,,,,28,01,1,1,0,SOLUCION SALINA 0.9 % 500,0,0,,SOLUCION SALINA 0.9 % Solucion Inyectable 500 ml,0,0,0,500,46,9,02,0,,,0,0,0,0,0,0,
10,200802,JERINGA 50 CC PUNTA CATETER,,50,JERINGA 50 CC PUNTA CATETER,48,1,0,1,,200802,200802,,0,,,,,,,03,,0,,JERINGA 50 CC PUNTA CATETER 50,0,,,JERINGA 50 CC PUNTA CATETER 50,,,,,,8,01,0,,,,,,,0,0,
11,201128,Jeringa Desechable 1 ml x 27 G/ 1/2,017,,JERINGA 1 CC,,1,1,1,,1010107,,,1,1,,,,,,03,0,1,0,Jeringa Desechable 1 ml x 27 G/ 1/2 ,0,0,,Jeringa Desechable 1 ml x 27 G/ 1/2 Disp. Med.  ,0,0,0,,,8,01,0,,,0,0,0,0,0,0,
12,201174-1,ISOFLORANE,,,ISOFLORANE,,1,0,0,,,,,0,,,,,,,01,,0,,ISOFLORANE ,0,,,ISOFLORANE,,,,,,8,01,0,,,,,,,0,0,
13,205047-5,FRACCION PROTEICA DEL PLASMA HUMANO (HAEMACELL),09,500,GELOFUSINE ,46,1,1,0,,B05AP019771,,,1,,,,,,28,01,1,0,0,FRACCION PROTEICA DEL PLASMA HUMANO (HAEMACELL) 500,0,0,,FRACCION PROTEICA DEL PLASMA HUMANO (HAEMACELL) Solucion Inyectable 500 ml,0,0,0,500,46,9,02,0,,,0,0,0,,0,0,
14,218170-2,BUPIVACAINA (BUPINEST SIMPLE),21,0.75,BUPIROV C/E 0.5%,49,1,1,0,,N01BB014701,,,1,,,,,,36,01,1,0,1,BUPIVACAINA (BUPINEST SIMPLE) 0.75,0,0,,BUPIVACAINA (BUPINEST SIMPLE) Ampoulepack 0.75 % / 10 ml,0,0,0,10,46,9,02,0,10,46,0,0,0,,0,0,
15,295608,PROLENE 6/0 2BV-1,,,PROLENE 6/0 2BV-1,,1,0,1,,295608,295608,,0,,,,,,,03,,0,,PROLENE 6/0 2BV-1 ,0,,,PROLENE 6/0 2BV-1,,,,,,8,01,0,,,,,,,0,0,
16,38995-04,bupirov pesado,21,5,bupirov pesado,31,1,0,0,,1530047,1530047,,0,,,,,,,01,1,0,0,bupirov pesado 5,0,0,01,bupirov pesado Ampoulepack 5 mg / 1 ml,0,0,0,1,46,9,02,0,,,,,,,0,0,
17,42849-6,ADRENALINA,03,1,,31,1,1,0,,C01CE004701,,,1,1,,,,,29,01,1,0,0,ADRENALINA 1,0,0,,ADRENALINA Ampolla 1 mg / 1 ml,0,0,0,1,46,9,02,0,1,46,0,0,0,,0,0,
18,51076-01,SOLUCION SALINA 0.9 %,09,1000,SOLUCION SALINA 1000 CC,46,1,1,0,,B05BS004701,,,1,0,,,,,28,01,1,1,0,SOLUCION SALINA 0.9 % 1000,0,0,,SOLUCION SALINA 0.9 % Solucion Inyectable 1000 ml,0,0,0,1000,46,8,02,0,,,0,0,0,,0,0,
19,51076-02,SOLUCION SALINA 0.9 %,09,100,SOLUCION SALINA 0.9 % 100 CC,46,1,1,0,,B05BS004701,,,1,1,,,,,28,01,1,1,0,SOLUCION SALINA 0.9 % 100,0,0,,SOLUCION SALINA 0.9 % Solucion Inyectable 100 ml,0,0,0,100,46,8,02,1,,,0,0,0,,0,0,
20,51076-03,SOLUCION SALINA 0.9 %,09,250,SOLUCION SALINA 0.9 % 250 CC,46,1,1,0,,B05BS004701,,,1,0,,,,,28,01,1,1,0,SOLUCION SALINA 0.9 % 250,0,0,,SOLUCION SALINA 0.9 % Solucion Inyectable 250 ml,0,0,0,250,46,8,02,1,,,0,0,0,,0,0,
21,52033-3,bupirov S/E 0.5%,,0.5,bupirov S/E 0.5%,,1,0,0,,,,,0,,,,,,,01,,0,,bupirov S/E 0.5% 0.5,0,,,bupirov S/E 0.5% 0.5,,,,,,8,01,0,,,,,,,0,0,
22,58814-2,ISORANE,,180,ISORANE,46,1,0,0,,1530157,1530157,,0,,,,,,,01,0,0,0,ISORANE 180,0,0,01,ISORANE  180 ml,0,0,0,,,8,01,0,,,,,,,0,0,
23,58816-1,SEVOFLURANO,010,100,,49,1,1,0,,N01AB08,,,1,,,,,,36,01,0,0,0,SEVOFLURANO 100,0,0,,SEVOFLURANO Solucion para Nebulizacion 100 % / 250 ml,0,0,1,250,46,8,02,0,250,46,0,0,0,,0,0,
2547,80003,CATETER UMBILICAL # 3.5 Fr,017,,,,1,1,1,,1010248,,,1,,,,,,,03,0,1,0,CATETER UMBILICAL # 3.5 Fr ,0,0,,CATETER UMBILICAL # 3.5 Fr Disp. Med.  ,0,0,0,,,8,01,0,,,0,0,0,0,0,0,
2551,80004,CATETER UMBILICAL 2.5 A 5 FR,,,,,1,1,1,,80004,80004,,1,,,,,,,03,,0,,CATETER UMBILICAL 2.5 A 5 FR ,0,,,CATETER UMBILICAL 2.5 A 5 FR,0,,,,,8,01,0,,,,,,,0,0,
2555,80011,HUMIDIFICADOR SIMPLE,,,,,1,0,1,,80011,80011,,1,,,,,,,03,0,0,0,HUMIDIFICADOR SIMPLE ,0,0,01,HUMIDIFICADOR SIMPLE   ,0,0,0,,,8,01,0,,,,,,,0,0,
2556,80018,JERINGA 50 CC,,,,,1,0,1,,80018,,,1,,,,,,,03,0,0,0,JERINGA 50 CC ,0,0,,JERINGA 50 CC  ,0,0,0,,,8,01,0,,,0,0,0,,0,0,
2559,80020,SONDA DE SUCCION Nº 5,,,,,1,0,1,,80020,80020,,1,,,,,,,03,0,0,0,SONDA DE SUCCION Nº 5 ,0,0,,SONDA DE SUCCION Nº 5  ,0,0,0,,,8,01,0,,,0,0,0,,0,0,
2561,80024,TIRILLAS DE GLUCOMETRIA UCIN,,,,,1,1,1,,80024,80024,,1,,,,,,,03,0,0,0,TIRILLAS DE GLUCOMETRIA UCIN ,0,0,,TIRILLAS DE GLUCOMETRIA UCIN   ,0,0,0,,,8,01,0,,,,,,,0,0,
2557,80028,SENSOR DE OXIMETRIA,,,,,1,1,1,,80028,80028,,1,,,,,,,03,,0,,SENSOR DE OXIMETRIA ,0,,,SENSOR DE OXIMETRIA,0,,,,,8,01,0,,,,,,,0,0,
2558,80029,SONDA   DE SUCCION Nº 6,,,,,1,0,1,,80029,80029,,1,,,,,,,03,0,0,0,SONDA   DE SUCCION Nº 6 ,0,0,,SONDA   DE SUCCION Nº 6  ,0,0,0,,,8,01,0,,,0,0,0,,0,0,
2560,80033,SONDA DE SUCCION Nº 8,,,,,1,0,1,,80033,80033,,1,,,,,,,03,0,0,0,SONDA DE SUCCION Nº 8 ,0,0,,SONDA DE SUCCION Nº 8  ,0,0,0,,,8,01,0,,,0,0,0,,0,0,
2553,80036,ESPINOCAN,,,,,1,0,1,,80036,80036,,1,,,,,,,03,0,0,0,ESPINOCAN ,0,0,01,ESPINOCAN   ,0,0,0,,,8,01,0,,,,,,,0,0,
2550,80039,CATETER PERITONEAL PARA DIALISIS,,,,,1,1,1,,80039,80039,,1,,,,,,,03,,0,,CATETER PERITONEAL PARA DIALISIS ,0,,,CATETER PERITONEAL PARA DIALISIS,0,,,,,8,01,0,,,,,,,0,0,
2549,80040,CATETER EPICUTANEO,,,,,1,1,1,,80040,80040,,1,,,,,,,03,,0,,CATETER EPICUTANEO ,0,,,CATETER EPICUTANEO,0,,,,,8,01,0,,,,,,,0,0,
2552,80042,EQUIPO FOTOSENSIBLE,,,,,1,1,1,,80042,80042,,1,,,,,,,03,,0,,EQUIPO FOTOSENSIBLE ,0,,,EQUIPO FOTOSENSIBLE,0,,,,,8,01,0,,,,,,,0,0,
2554,80043,FILTRO PARA VENTILADOR,,,,,1,1,1,,80043,80043,,1,,,,,,,03,,0,,FILTRO PARA VENTILADOR ,0,,,FILTRO PARA VENTILADOR,0,,,,,8,01,0,,,,,,,0,0,
24,A03DB04,N BUTIL BROMURO DE HIOSCINA 20 mg + DIPIRONA,03,2.5,DIPIRONA 2.5 G + HIOSCINA 20 MG / 5 ML,28,1,1,0,,A03DB0401,,,1,,,,,,27,01,0,0,1,N BUTIL BROMURO DE HIOSCINA 20 mg + DIPIRONA 2.5,0,0,,N BUTIL BROMURO DE HIOSCINA 20 mg + DIPIRONA Ampolla 2.5 g / 5 ml,0,0,0,5,46,9,02,0,5,46,0,0,0,0,0,0,
25,B01AB05,ENOXAPARINA SODICA,022,40,ENOXAPARINA SODICA (Heparina de Bajo peso Molecular),31,1,1,0,,B01AB0001,,,1,0,,,,,28,01,0,0,0,ENOXAPARINA SODICA 40,0,0,,ENOXAPARINA SODICA Jeringa Prellenada 40 mg / 0.4 ml,0,0,0,0.4,46,8,02,0,0.4,46,0,0,0,,0,0,
26,B05BA03,SOLUCION INYECTABLE,SOLUCION INYECTABLE,500,SOLUCION INYECTABLE,8,1,0,0,,B05BA03,B05BA03,,0,0,,,,,,01,0,0,,SOLUCION INYECTABLE 500,0,,,SOLUCION INYECTABLE SOLUCION INYECTABLE 500,,,,,,8,01,0,,,,,,,0,0,
27,B05BA1001 ,NUTRIENTES ORGANICOS ESENCIALES – MULTIVITAMINAS,,12.5,NUTRIENTES ORGANICOS ESENCIALES – MULTIVITAMINAS,31,1,0,0,,MD0394,MD0394,,0,,,,,,,01,,0,,NUTRIENTES ORGANICOS ESENCIALES – MULTIVITAMINAS 12.5,0,,,NUTRIENTES ORGANICOS ESENCIALES – MULTIVITAMINAS 12.5,,,,,,8,01,0,,,,,,,0,0,
28,B05BA1002,NUTRIENTES ORGANICOS ESENCIALES – MULTIVITAMINAS,,25 ,NUTRIENTES ORGANICOS ESENCIALES – MULTIVITAMINAS,31,1,0,0,,MD0394,MD0394,,0,,,,,,,01,,0,,NUTRIENTES ORGANICOS ESENCIALES – MULTIVITAMINAS 25 ,0,,,NUTRIENTES ORGANICOS ESENCIALES – MULTIVITAMINAS 25 ,,,,,,8,01,0,,,,,,,0,0,
29,B05XA03,CLORURO DE SODIO,03,20,,51,1,1,0,,B05XS004702,,,1,,,,,,28,01,0,0,1,CLORURO DE SODIO 20,0,0,,CLORURO DE SODIO Ampolla 20 meq / 10 ml,0,0,0,10,46,9,02,0,10,46,0,0,0,,0,0,
30,C07AB02,METOPROLOL ,21,5,metoprolol 5mg,31,1,1,0,,C07AB0202,,,1,,,,,,29,01,0,0,0,METOPROLOL  5,0,0,,METOPROLOL  Ampoulepack 5 mg / 5 ml,0,0,0,5,46,9,01,0,5,46,,,,,0,0,
31,H01BA02,OCTOSTIM SOLUCION INYECTABLE 15mg,09,1.5,OCTOSTIM SOLUCION INYECTABLE 15mg,31,1,0,0,,H01BA02,H01BA02,,0,,,,,,09,01,0,0,0,OCTOSTIM SOLUCION INYECTABLE 15mg 1.5,0,0,01,OCTOSTIM SOLUCION INYECTABLE 15mg Solución Inyectable 1,5 mg / 1 ml,0,0,0,15,31,8,,,,,,,,,0,0,
2562,IM5007,SOLUCION SALINA 0.9 % x 100 CC,09,,,,1,1,1,,B05BS004701,,,1,0,,,,,28,01,1,1,0,SOLUCION SALINA 0.9 % x 100 CC ,0,0,,SOLUCION SALINA 0.9 % x 100 CC Solucion Inyectable  ,0,0,0,,,8,02,0,,,0,0,0,0,0,0,
2563,IM5008,SINEPIN,21,10,,46,1,0,0,,MD0338,MD0338,,0,1,,,,,,01,0,0,0,SINEPIN 10,0,0,01,SINEPIN Ampoulepack 10 ml,0,0,0,10,46,8,01,0,,,,,,,0,0,
2564,IM5009,SINEPIN,21,10,,46,1,0,0,,MD0338,MD0338,,0,1,,,,,,01,0,0,0,SINEPIN 10,0,0,01,SINEPIN Ampoulepack 10 ml,0,0,0,10,46,8,01,0,,,,,,,0,0,
2565,IM5010,Metilergometrina maleato,03,0.2,,31,1,0,0,,1234,1-23211,,0,1,,,,,01,03,1,0,0,Metilergometrina maleato 0.2,0,0,01,Metilergometrina maleato Ampolla 0.2 mg / 1 ml,0,0,0,1,46,9,02,0,,,,,,,0,0,
2566,IM5011,AMIKACINA (SULFATO) ,03,500,,31,1,0,0,,J01GB06,,,0,,,,,,04,01,0,0,0,AMIKACINA (SULFATO)  500,1,0,01,AMIKACINA (SULFATO)  Ampolla 500 mg / 2 ml,0,0,0,2,46,9,02,0,,,,,,,0,0,
2567,IM5012,AMIKACINA(SULFATO),03,100,,31,1,0,0,,J01GB06,,,0,,,,,,04,01,0,0,0,AMIKACINA(SULFATO) 100,0,0,01,AMIKACINA(SULFATO) Ampolla 100 mg / 2 ml,0,0,0,2,46,9,02,0,,,,,,,0,0,
2569,IM5014,OMEPRAZOL,012,40,,31,1,1,0,,A02BC0101,,,1,,,,,,27,01,0,0,1,OMEPRAZOL 40,0,0,,OMEPRAZOL Polvo para Reconstituir 40 mg,0,0,0,40,31,8,02,0,,,,,,,0,0,
2570,IM5015,SODIO CLORURO,09,0.09,,31,1,0,0,,B05BB01,,,0,,,,,,10,01,0,0,0,SODIO CLORURO 0.09,0,0,01,SODIO CLORURO Solución Inyectable 0.09 mg / 500 ml,0,0,0,500,46,9,02,0,,,,,,,0,0,
2571,IM5016,SODIO CLORURO,09,0.09,,31,1,0,0,,B05BB01,,,0,,,,,,10,01,0,0,0,SODIO CLORURO 0.09,0,0,01,SODIO CLORURO Solución Inyectable 0.09 mg / 100 ml,0,0,0,100,46,9,02,0,,,,,,,0,0,
2572,IM5017,SODIO CLORURO,09,0.09,,31,1,0,0,,B05BB01,,,0,,,,,,10,01,0,0,0,SODIO CLORURO 0.09,0,0,01,SODIO CLORURO Solución Inyectable 0.09 mg / 250 ml,0,0,0,250,46,9,02,0,,,,,,,0,0,
2573,IM5018,AMPICILINA SODICA + SULBACTAM,012,1.5,,28,1,1,0,,J01CA028721,,,1,,,,,,33,01,0,0,1,AMPICILINA SODICA + SULBACTAM 1.5,0,0,,AMPICILINA SODICA + SULBACTAM Polvo para Reconstituir 1.5 g,0,0,0,1.5,28,8,02,0,,,0,0,0,0,0,0,
2574,IM5019,CLONIDINA,01,150,,52,1,0,0,,C02AC01,,,0,,,,,,07,01,0,0,0,CLONIDINA 150,0,0,01,CLONIDINA Tableta 150 MCG,0,0,0,150,52,8,01,0,,,,,,,0,0,
2575,IM5020,BETAMETILDIGOXINA ,03,2,,31,1,0,0,,C01AA0801,,,0,,,,,,29,01,0,0,0,BETAMETILDIGOXINA  2,0,0,,BETAMETILDIGOXINA  Ampolla 2 mg / 2 ml,0,0,0,2,46,9,02,0,2,46,0,0,0,0,0,0,
2576,IM5021,BICARBONATO DE SODIO,03,840,,31,1,0,0,,B05XA02,,,0,,,,,,10,01,0,0,0,BICARBONATO DE SODIO 840,0,0,01,BICARBONATO DE SODIO Ampolla 840 mg / 10 ml,0,0,0,10,46,9,02,0,,,,,,,0,0,
2577,IM5022,BROMURO DE PANCURONIO,03,4,,31,1,0,0,,M03AC01,,,0,,,,,,15,01,0,0,0,BROMURO DE PANCURONIO 4,0,0,01,BROMURO DE PANCURONIO Ampolla 4 mg / 2 ml,0,0,0,2,46,9,02,0,,,,,,,0,0,
2578,IM5023,BROMURO DE VECURONIO,03,4,,31,1,1,0,,M03AV015721,,,1,,,,,,35,02,0,0,1,BROMURO DE VECURONIO 4,0,0,,BROMURO DE VECURONIO Ampolla 4 mg / 1 ml,0,0,0,1,46,9,02,0,1,46,0,0,0,,0,0,
2579,IM5024,CIPROFLOXACINA CLORHIDRATO,03,100,,31,1,1,0,,J01MC015701,,,1,,,,,,33,01,0,0,1,CIPROFLOXACINA CLORHIDRATO 100,0,0,,CIPROFLOXACINA CLORHIDRATO Ampolla 100 mg / 10 ml,0,0,0,10,46,9,02,0,10,46,0,0,0,,0,0,
2580,IM5025,CIPROFLOXACINA CLORHIDRATO,03,200,,31,1,1,0,,J01MA0201,,,1,,,,,,33,02,0,0,1,CIPROFLOXACINA CLORHIDRATO 200,0,0,,CIPROFLOXACINA CLORHIDRATO Ampolla 200 mg / 10 ml,0,0,0,10,46,9,02,0,10,46,0,0,0,0,0,0,
2581,IM5026,CLORURO DE POTASIO,03,20,,51,1,1,0,,A12BP022701,,,1,,,,,,28,01,0,0,1,CLORURO DE POTASIO 20,0,0,,CLORURO DE POTASIO Ampolla 20 meq / 10 ml,0,0,0,10,46,9,02,0,10,46,,,,,0,0,
2582,IM5027,CLORURO DE SODIO 20 meq,03,10,,46,1,0,0,,B05BB01,,,0,,,,,,10,01,0,0,0,CLORURO DE SODIO 20 meq 10,0,0,01,CLORURO DE SODIO 20 meq Ampolla 10 ml / 20 MEQ,0,0,0,20,51,9,02,0,,,,,,,0,0,
2583,IM5028,DEXTROSA EN AGUA DESTILADA ,09,5,,31,1,0,0,,19953524-1,,,0,,,,,,10,01,0,1,0,DEXTROSA EN AGUA DESTILADA  5,0,0,01,DEXTROSA EN AGUA DESTILADA  Solución Inyectable 5 mg / 500 ml,0,0,0,500,46,8,01,0,,,,,,,0,0,
2584,IM5029,FENOTEROL,01,2.5,,31,1,0,0,,1530155,,,0,,,,,,,01,0,0,0,FENOTEROL 2.5,0,0,01,FENOTEROL Tableta 2.5 mg,0,0,0,2.5,31,8,01,0,,,,,,,0,0,
2585,IM5030,GLUCONATO DE CALCIO 10%,03,10,,31,1,0,0,,A12AA03,,,0,,,,,,20,01,0,0,0,GLUCONATO DE CALCIO 10% 10,0,0,01,GLUCONATO DE CALCIO 10% Ampolla 10 mg / 10 ml,0,0,0,10,46,8,02,0,,,,,,,0,0,
2586,IM5031,HIDROCLOROTIAZIDA  ,01,25,,31,1,0,0,,C03AA03,,,0,,,,,,29,01,0,0,0,HIDROCLOROTIAZIDA   25,0,0,,HIDROCLOROTIAZIDA   Tableta 25 mg,0,0,0,,,8,01,0,,,,,,,0,0,
2587,IM5032,INMUNOGLOBULINA G 10%,09,100,,31,1,0,0,,70172,,,0,,,,,,18,01,0,1,0,INMUNOGLOBULINA G 10% 100,0,0,01,INMUNOGLOBULINA G 10% Solución Inyectable 100 mg / 1 ml,0,0,0,1,46,9,01,0,,,,,,,0,0,
2588,IM5033,LORAZEPAM  ,01,2,,31,1,0,0,,C01CA03,,,0,,,,,,,01,0,0,0,LORAZEPAM   2,0,0,01,LORAZEPAM   Tableta 2 mg,0,0,0,,,8,01,0,,,,,,,0,0,
2589,IM5034,MORFINA CLORHIDRATO,03,10000,,52,1,1,0,,N02AM024701,,,1,,,,,,36,01,0,1,1,MORFINA CLORHIDRATO 10000,0,0,,MORFINA CLORHIDRATO Ampolla 10000 mcg / 1 ml,0,0,0,1,46,9,02,0,1,46,0,0,0,0,0,0,
2590,IM5035,NITROGLICERINA,006,50,,31,1,1,0,,C01DA0201,,,1,,,,,,29,01,0,0,1,NITROGLICERINA 50,0,0,,NITROGLICERINA Frasco 50 mg / 10 ml,0,0,0,10,46,9,02,0,10,46,,,,,0,0,
2591,IM5036,NITROPRUSIATO DE SODIO,03,50,,31,1,1,0,,C02DD0101,,,1,,,,,,29,01,0,0,1,NITROPRUSIATO DE SODIO 50,0,0,,NITROPRUSIATO DE SODIO Ampolla 50 mg / 2 ml,0,0,0,2,46,9,02,0,2,46,,,,,0,0,
2592,IM5037,PROGESTERONA MICRONIZADA (NO POS),02,200,,31,0,1,0,,19942690-2,G03DA04,,1,,,,,,31,02,0,0,0,PROGESTERONA MICRONIZADA (NO POS) 200,0,0,,PROGESTERONA MICRONIZADA (NO POS) Capsula 200 mg,0,0,0,200,31,8,02,0,,,0,0,0,0,0,0,
2593,IM5038,SULFATO DE MAGNESIO 20%,03,20,,31,1,0,0,,70149,,,0,,,,,,10,01,0,0,0,SULFATO DE MAGNESIO 20% 20,0,0,01,SULFATO DE MAGNESIO 20% Ampolla 20 mg,0,0,0,,,9,01,0,,,,,,,0,0,
2594,IM5039,CLEMASTINA,03,1,,31,1,0,0,,1530068,,,0,,,,,,,01,0,0,0,CLEMASTINA 1,0,0,01,CLEMASTINA Ampolla 1 mg / 1 ml,0,0,0,1,46,9,02,0,,,,,,,0,0,
2595,IM5040,ZIDOVUDINA,06,10,,31,1,1,0,,J05AF0102,,,1,,,,,,33,01,0,0,0,ZIDOVUDINA 10,0,0,,ZIDOVUDINA Solucion Oral 10 mg / 1 ml,0,0,0,240,49,9,02,0,1,46,0,0,0,0,0,0,
2596,IM5041,PENICILINA G SODICA (1.000.000 UI),012,10000,,50,1,1,0,,J01CE0101,,,1,,,,,,33,01,0,1,0,PENICILINA G SODICA (1.000.000 UI) 10000,0,0,,PENICILINA G SODICA (1.000.000 UI) Polvo para Reconstituir 10000 U.I.,0,0,0,10000,50,8,02,0,,,0,0,0,0,0,0,
2597,IM5042,VERAPAMILO  ,03,5,,31,1,0,0,,C08DA01,,,0,,,,,,07,01,0,0,0,VERAPAMILO   5,0,0,01,VERAPAMILO   Ampolla 5 mg / 2 ml,0,0,0,2,46,8,02,0,,,,,,,0,0,
2599,IM5044,ACEITE MINERAL - GLICERINA LIQUIDA,006,500,,46,1,0,0,,A06AX01,,,0,,,,,,,01,1,0,0,ACEITE MINERAL - GLICERINA LIQUIDA 500,0,0,,ACEITE MINERAL - GLICERINA LIQUIDA Frasco 500 ml,0,0,0,,,8,01,0,,,,,,,0,0,
2600,IM5045,ADENOSINA,009,100,,31,1,0,0,,70060,,,0,,,,,,07,01,0,0,0,ADENOSINA 100,0,0,01,ADENOSINA Vial Liofilizado 100 mg,0,0,0,,,8,01,0,,,,,,,0,0,
2601,IM5046,BROMURO DE IPRATROPIO ,010,0.025,,31,1,1,0,,R01AX0301,,,0,,,,,,38,01,1,0,0,BROMURO DE IPRATROPIO  0.025,0,0,,BROMURO DE IPRATROPIO  Solucion para Nebulizacion 0.025 mg / 1 ml,0,0,0,400,46,10,02,0,1,46,0,0,0,0,0,0,
2602,IM5047,BROMURO DE IPRATROPIO,019,100,,52,1,1,0,,R01AI017471,,,1,,,,,,38,01,0,0,0,BROMURO DE IPRATROPIO 100,0,0,,BROMURO DE IPRATROPIO Aerosol 100 mcg,0,0,0,100,52,8,02,0,,,0,,,,0,0,
2603,IM5048,ENEMA TRAVAD (NO POS),06,133,,46,0,1,0,,20041687-1,V03AE01,,1,,,,,,40,02,1,0,0,ENEMA TRAVAD (NO POS) 133,0,0,,ENEMA TRAVAD (NO POS) Solucion Oral 133 ml,0,0,0,133,46,9,02,0,,,0,0,0,0,0,0,
2604,IM5049,ENEMA TRAVAD Rectal (NO POS),007,133,,46,0,1,0,,32609-1,V03AE01,,1,,,,,,40,02,1,0,0,ENEMA TRAVAD Rectal (NO POS) 133,0,0,,ENEMA TRAVAD Rectal (NO POS) Bolsa 133 ml,0,0,0,133,46,9,02,0,,,0,0,0,0,0,0,
2605,IM5050,INHALADOR SALBUTAMOL,07,100,,52,1,1,0,,R03AC0201,,,1,,,,,,38,01,0,1,0,INHALADOR SALBUTAMOL 100,0,0,,INHALADOR SALBUTAMOL Solucion para Inhalacion 100 mcg,0,0,0,100,52,11,02,0,,,0,0,0,0,0,0,
2606,IM5051,INHALADOR BECLOMETASONA BUCAL,07,250,,52,1,0,0,,R01AD01,,,0,,,,,,16,01,0,0,0,INHALADOR BECLOMETASONA BUCAL 250,0,0,01,INHALADOR BECLOMETASONA BUCAL Solución para Inhalación 250 mcg,0,1,0,250,52,11,02,0,,,,,,,0,0,
2607,IM5052,NITROFURAZONA ,005,500,,28,1,1,0,,J01XE01,,,1,,,,,,33,01,0,0,0,NITROFURAZONA  500,0,0,,NITROFURAZONA  Pote 500 g,0,0,0,500,28,8,02,0,,,,,,,0,0,
2608,IM5053,SALBUTAMOL SULFATO,010,5,,31,1,1,0,,R03AC0202,,,1,,,,,,38,01,0,0,0,SALBUTAMOL SULFATO 5,0,0,,SALBUTAMOL SULFATO Solucion para Nebulizacion 5 mg / 1 ml,0,0,0,300,46,10,02,0,1,46,0,0,0,,0,0,
2609,IM5054,SULFATO FERROSO,011,200,,31,1,0,0,,B03AH011161,,,0,,,,,,28,01,0,0,0,SULFATO FERROSO 200,0,0,,SULFATO FERROSO Gragea 200 mg,0,0,0,200,31,8,02,0,,,0,0,0,,0,0,
2610,IM5055,TERBUTALINA SULFATO,03,0.25,,31,1,0,0,,R03CC03,,,0,,,,,,16,01,0,0,0,TERBUTALINA SULFATO 0.25,0,0,01,TERBUTALINA SULFATO Ampolla 0.25 mg,0,0,0,0,0,9,02,0,,,,,,,0,0,
2611,IM5056,TRANEXÁMICO ÁCIDO ,03,100,,31,1,0,0,,B02AA02,,,0,,,,,,17,01,0,0,1,TRANEXÁMICO ÁCIDO  100,0,0,01,TRANEXÁMICO ÁCIDO  Ampolla 100 mg / 1 ml,0,0,0,10,49,8,02,0,,,,,,,0,0,
2612,IM5057,ÁCIDO FUSIDICO ,05,2,,28,1,0,0,,70305,,,0,,,,,,04,01,0,0,0,ÁCIDO FUSIDICO  2,0,0,,ÁCIDO FUSIDICO  Crema 2 g,0,0,0,2,49,12,02,0,,,,,,,0,0,
2613,IM5058,BISACODILO,011,5,,31,1,0,0,,A06AB02,,,0,,,,,,27,01,0,0,0,BISACODILO 5,0,0,,BISACODILO Gragea 5 mg,0,0,0,5,31,13,02,0,,,0,0,0,0,0,0,
2614,IM5059,BUPIVACAINA+DEXTROSA (BUPIROP PESADO),21,0.5,,49,1,1,0,,N01BB013701,,,1,,,,,,36,01,1,0,1,BUPIVACAINA+DEXTROSA (BUPIROP PESADO) 0.5,0,0,,BUPIVACAINA+DEXTROSA (BUPIROP PESADO) Ampoulepack 0.5 % / 4 ml,0,0,0,4,46,9,02,0,4,46,0,0,0,,0,0,
2615,IM5060,CEFTRIAXONA,012,1000,,31,1,1,0,,J01DC011723,,,1,,,,,,33,01,0,0,1,CEFTRIAXONA 1000,0,0,,CEFTRIAXONA Polvo para Reconstituir 1000 mg,0,0,0,1000,31,8,02,0,,,0,0,0,0,0,0,
2616,IM5061,CIPROFLOXACINA (CLORHIDRATO) ,01,500,,31,1,0,0,,J01MA02,,,0,,,,,,04,01,0,0,0,CIPROFLOXACINA (CLORHIDRATO)  500,0,0,01,CIPROFLOXACINA (CLORHIDRATO)  Tableta 500 mg,0,0,0,,,8,01,0,,,,,,,0,0,
2618,IM5063,HEPARINA SÓDICA  ,09,5000,,50,1,0,0,,B01AB01,,,0,,,,,,,01,0,0,0,HEPARINA SÓDICA   5000,0,0,01,HEPARINA SÓDICA   Solución Inyectable 5000 U.I / 1 ml,0,0,0,1,46,9,02,0,,,,,,,0,0,
2619,IM5064,LACTATO DE RINGER,09,500,,46,1,1,0,,B05XR007701,,,1,,,,,,28,01,1,1,0,LACTATO DE RINGER 500,0,0,,LACTATO DE RINGER Solucion Inyectable 500 ml,0,0,0,500,46,8,02,1,,,0,0,0,,0,0,
2620,IM5065,LACTATO DE RINGER,09,1000,,46,1,1,0,,B05XR007701,,,1,,,,,,28,01,1,1,1,LACTATO DE RINGER 1000,0,0,,LACTATO DE RINGER Solucion Inyectable 1000 ml,0,0,0,1000,46,8,02,1,,,0,0,0,,0,0,
2621,IM5066,PROPANOLOL,01,40,,31,1,0,0,,C07AA05,,,0,,,,,,,01,0,0,0,PROPANOLOL 40,0,0,01,PROPANOLOL Tableta 40 mg,0,0,0,,,8,01,0,,,,,,,0,0,
2622,IM5067,QUERCETOL,01,500,,31,1,1,0,,123,,,0,,,,,,,01,0,0,0,QUERCETOL 500,0,0,01,QUERCETOL Tableta 500 mg,0,0,0,,,8,01,0,,,,,,,0,0,
2623,IM5068,NIFEDIPINO ,01,10,,31,1,0,0,,C08CA05,,,0,,,,,,07,01,0,0,0,NIFEDIPINO  10,0,0,01,NIFEDIPINO  Tableta 10 mg,0,0,0,,,8,01,0,,,,,,,0,0,
2624,IM5069,CEFTAZIDIMA ,012,1,,28,1,0,0,,J01DD02,,,0,,,,,,04,01,0,0,0,CEFTAZIDIMA  1,0,0,,CEFTAZIDIMA  Polvo para Reconstituir 1 g,0,0,0,1,28,8,01,0,,,0,0,0,,0,0,
2625,IM5070,FENOTEROL BROMHIDRATO 0.50MG+BROMURO DE IPRATROPIO (No pos) ,07,0.25,,31,1,1,0,,54889-1,R01AX0301,,1,,,,,,38,02,1,0,0,FENOTEROL BROMHIDRATO 0.50MG+BROMURO DE IPRATROPIO (No pos)  0.25,0,0,,FENOTEROL BROMHIDRATO 0.50MG+BROMURO DE IPRATROPIO (No pos)  Solucion para Inhalacion 0.25 mg / 1 ml,0,0,0,20,46,10,02,0,1,46,0,0,0,0,0,0,
2626,IM5071,YODOPOVIDONA  SOLUCIÓN ANTISEPTICA 0.75%,013,100,,46,1,1,0,,D08AG02,,,0,,,,,,04,01,1,0,0,YODOPOVIDONA  SOLUCIÓN ANTISEPTICA 0.75% 100,0,0,01,YODOPOVIDONA  SOLUCIÓN ANTISEPTICA 0.75% Espuma 100 ml,0,0,0,,,12,01,0,,,,,,,0,0,
2627,IM5072,LIDOCAÍNA CLORHIDRATO SIMPLE 2%,008,20,,31,1,0,0,,N01BB52,,,0,,,,,,,01,0,0,0,LIDOCAÍNA CLORHIDRATO SIMPLE 2% 20,0,0,01,LIDOCAÍNA CLORHIDRATO SIMPLE 2% Vial 20 mg / 1 ml,0,0,0,1,46,8,01,0,,,,,,,0,0,
2628,IM5073,ETILEFRINA,03,10,,31,1,1,0,,C01CA01,,,1,,,,,,29,01,0,0,1,ETILEFRINA 10,0,0,,ETILEFRINA Ampolla 10 mg / 1 ml,0,0,0,1,46,9,02,0,1,46,0,0,0,,0,0,
2630,IM5075,COMPLEJO B TAB. (NO POS) (10 mg de Tiamina Mononitrato +10 mg de Riboflavina+ 20 mg de Piridoxina Clorhidrato+50 mg de Nicotinamida),01,10,,31,0,1,0,,34047-6,A11JA01,,1,,,,,,27,02,0,0,0,COMPLEJO B TAB. (NO POS) (10 mg de Tiamina Mononitrato +10 mg de Riboflavina+ 20 mg de Piridoxina Clorhidrato+50 mg de Nicotinamida) 10,0,0,,COMPLEJO B TAB. (NO POS) (10 mg de Tiamina Mononitrato +10 mg de Riboflavina+ 20 mg de Piridoxina Clorhidrato+50 mg de Nicotinamida) Tableta 10 mg,0,0,0,10,31,8,02,0,,,1,0,0,0,0,0,
2631,IM5076,ESPIRAMICINA 3.000.000 MUI TAB,01,10000,,50,1,0,0,,J01FA0201,,,0,,,,,,33,01,0,0,0,ESPIRAMICINA 3.000.000 MUI TAB 10000,0,0,01,ESPIRAMICINA 3.000.000 MUI TAB Tableta 10000 U.I.,0,0,0,10000,50,8,02,0,,,,,,,0,0,
2632,IM5077,MISOprostol (NO POS),015,25,,52,0,1,0,,20049766-1,G02AD065001,,0,,,,,,31,02,0,0,0,MISOprostol (NO POS) 25,0,0,,MISOprostol (NO POS) tabletas vaginales 25 mcg,0,0,0,25,52,8,02,0,,,0,0,0,0,0,0,
2633,IM5078,AGUJA ESPINAL TIPO QUINCKE # 22 X 3 1/2 x 90 MM,017,,,,1,1,1,,1010217,,,1,,,,,,,03,0,1,0,AGUJA ESPINAL TIPO QUINCKE # 22 X 3 1/2 x 90 MM ,1,0,,AGUJA ESPINAL TIPO QUINCKE # 22 X 3 1/2 x 90 MM Disp. Med.  ,0,0,0,,,0,02,0,,,0,0,0,0,0,0,
2634,IM5079,AGUJA ESPINAL TIPO PUNTA DE LAPIZ # 25 G EXTRA LARGA 119 MM,017,,,,1,1,1,,1010218,,,1,,,,,,,03,0,1,0,AGUJA ESPINAL TIPO PUNTA DE LAPIZ # 25 G EXTRA LARGA 119 MM ,1,0,,AGUJA ESPINAL TIPO PUNTA DE LAPIZ # 25 G EXTRA LARGA 119 MM Disp. Med.  ,0,0,0,,,0,02,0,,,0,0,0,0,0,0,
2635,IM5080,AGUJA ESPINAL TIPO PUNTA DE LAPIZ # 26 G x 90 MM,017,,,,1,1,1,,1010219,,,1,,,,,,,03,0,1,0,AGUJA ESPINAL TIPO PUNTA DE LAPIZ # 26 G x 90 MM ,1,0,,AGUJA ESPINAL TIPO PUNTA DE LAPIZ # 26 G x 90 MM Disp. Med.  ,0,0,0,,,0,02,0,,,0,0,0,0,0,0,
2636,IM5081,AGUJA ESPINAL TIPO PUNTA DE LAPIZ # 27 G x 90 MM,017,,,,1,1,1,,1010220,,,1,,,,,,,03,0,1,0,AGUJA ESPINAL TIPO PUNTA DE LAPIZ # 27 G x 90 MM ,1,0,,AGUJA ESPINAL TIPO PUNTA DE LAPIZ # 27 G x 90 MM Disp. Med.  ,0,0,0,,,0,02,0,,,0,0,0,0,0,0,
2637,IM5082,CATETER VENOSO CENTRAL BILUMEN # 5 FR x 13 CM,017,,,,1,1,1,,1010221,,,1,,,,,,,03,0,1,0,CATETER VENOSO CENTRAL BILUMEN # 5 FR x 13 CM ,0,0,,CATETER VENOSO CENTRAL BILUMEN # 5 FR x 13 CM Disp. Med.  ,0,0,0,,,0,02,0,,,0,0,0,0,0,0,
2638,IM5083,CATETER URETERAL DOBLE J 6 Fr.,017,,,,1,1,1,,1010222,,,1,,,,,,,03,0,1,0,CATETER URETERAL DOBLE J 6 Fr. ,0,0,,CATETER URETERAL DOBLE J 6 Fr. Disp. Med.  ,0,0,0,,,0,02,0,,,0,0,0,,0,0,
2639,IM5084,EQUIPO DE PRESIÓN VENOSA CENTRAL,,,,,1,1,1,,1010079,,,1,,,,,,,03,0,1,0,EQUIPO DE PRESIÓN VENOSA CENTRAL ,0,0,01,EQUIPO DE PRESIÓN VENOSA CENTRAL   ,0,0,0,,,0,02,0,,,,,,,0,0,
2640,IM5085,ETHIBON 3-0,,,,,1,1,1,,1010223,,,1,,,,,,,03,0,1,0,ETHIBON 3-0 ,0,0,01,ETHIBON 3-0   ,0,0,0,,,0,02,0,,,,,,,0,0,
2641,IM5086,FAJA TIPO CANGURO TALLA S,,,,,1,1,1,,1010224,,,1,,,,,,,03,0,1,0,FAJA TIPO CANGURO TALLA S ,0,0,01,FAJA TIPO CANGURO TALLA S   ,0,0,0,,,0,02,0,,,,,,,0,0,
2642,IM5087,FAJA TIPO CANGURO TALLA M,,,,,1,1,1,,1010225,,,1,,,,,,,03,0,1,0,FAJA TIPO CANGURO TALLA M ,0,0,01,FAJA TIPO CANGURO TALLA M   ,0,0,0,,,0,02,0,,,,,,,0,0,
2643,IM5088,FAJA TIPO CANGURO TALLA L,,,,,1,1,1,,1010226,,,1,,,,,,,03,0,1,0,FAJA TIPO CANGURO TALLA L ,0,0,01,FAJA TIPO CANGURO TALLA L   ,0,0,0,,,0,02,0,,,,,,,0,0,
2644,IM5089,JERINGA PARA INSULINA 1 CC x 23 G,017,,,,1,1,1,,1010227,,,1,,,,,,,03,0,1,0,JERINGA PARA INSULINA 1 CC x 23 G ,0,0,,JERINGA PARA INSULINA 1 CC x 23 G Disp. Med.  ,0,0,0,,,0,02,0,,,0,0,0,,0,0,
2645,IM5090,Jeringa Desechable 60 CC Punta Cateter,017,,,,1,1,1,,1010228,,,1,,,,,,,03,0,1,0,Jeringa Desechable 60 CC Punta Cateter ,0,0,01,Jeringa Desechable 60 CC Punta Cateter Dispositivo Medico  ,0,0,0,,,0,02,0,,,,,,,0,0,
2646,IM5091,MEDIAS DE COMPRESIÓN ANTIEMBOLICAS TALLA M,017,,,,1,1,1,,1010229,,,1,,,,,,,03,0,1,0,MEDIAS DE COMPRESIÓN ANTIEMBOLICAS TALLA M ,0,0,,MEDIAS DE COMPRESIÓN ANTIEMBOLICAS TALLA M Disp. Med.  ,0,0,0,,,0,02,0,,,0,0,0,0,0,0,
2647,IM5092,PERA DE ASPIRACION NASAL DE UNA SOLA PIEZA,,,,,1,0,1,,1010230,,,0,,,,,,,03,0,0,0,PERA DE ASPIRACION NASAL DE UNA SOLA PIEZA ,0,0,01,PERA DE ASPIRACION NASAL DE UNA SOLA PIEZA   ,0,0,0,,,0,02,0,,,,,,,0,0,
2648,IM5093,RECIPIENTE DE SUCCION FLEXIBLE (LINER) de 3 LT,017,,,,1,1,1,,1010230,,,1,,,,,,,03,0,1,0,RECIPIENTE DE SUCCION FLEXIBLE (LINER) de 3 LT ,0,0,,RECIPIENTE DE SUCCION FLEXIBLE (LINER) de 3 LT Disp. Med.  ,0,0,0,,,0,02,0,,,0,0,0,,0,0,
2649,IM5094,SEDA NEGRA 1 S/A 45 CM,,,,,1,0,1,,1010231,,,0,,,,,,,03,0,0,0,SEDA NEGRA 1 S/A 45 CM ,0,0,01,SEDA NEGRA 1 S/A 45 CM   ,0,0,0,,,0,02,0,,,,,,,0,0,
2650,IM5095,SEDA NEGRA 2/0 S/A 45 CM,,,,,1,0,1,,1010232,,,0,,,,,,,03,0,0,0,SEDA NEGRA 2/0 S/A 45 CM ,0,0,01,SEDA NEGRA 2/0 S/A 45 CM   ,0,0,0,,,0,02,0,,,,,,,0,0,
2651,IM5096,SEDA 0 SUTUPAC,036,,,,1,1,1,,1010233,,,1,,,,,,,03,0,1,0,SEDA 0 SUTUPAC ,0,0,,SEDA 0 SUTUPAC Sutura  ,0,0,0,,,0,02,0,,,0,0,0,,0,0,
2652,IM5097,SET DE CRICOTIROIDOTOMIA PERCUTÁNEA PEDIÁTRICA,017,,,,1,1,1,,1010234,,,1,,,,,,,03,0,1,0,SET DE CRICOTIROIDOTOMIA PERCUTÁNEA PEDIÁTRICA ,0,0,,SET DE CRICOTIROIDOTOMIA PERCUTÁNEA PEDIÁTRICA Disp. Med.  ,0,0,0,,,0,02,0,,,0,0,0,0,0,0,
2653,IM5098,SET DE INTUBACION RETROGRADA,017,,,,1,0,1,,1010236,,,0,,,,,,,03,0,0,0,SET DE INTUBACION RETROGRADA ,0,0,,SET DE INTUBACION RETROGRADA Disp. Med.  ,0,0,0,,,0,02,0,,,0,0,0,,0,0,
2654,IM5099,SONDA FOLEY # 20 Fr DOS VIAS,017,,,,1,1,1,,1010237,,,1,,,,,,,03,0,1,0,SONDA FOLEY # 20 Fr DOS VIAS ,0,0,,SONDA FOLEY # 20 Fr DOS VIAS Disp. Med.  ,0,0,0,,,0,02,0,,,0,0,0,,0,0,
2655,IM5100,SONDA VESICAL 16 Fr X 3 VIAS,,,,,1,1,1,,1010238,,,1,,,,,,,03,0,1,0,SONDA VESICAL 16 Fr X 3 VIAS ,0,0,01,SONDA VESICAL 16 Fr X 3 VIAS   ,0,0,0,,,0,02,0,,,,,,,0,0,
2656,IM5101,SONDA VESICAL 20 Fr X 3 VIAS,,,,,1,1,1,,1010239,,,1,,,,,,,03,0,1,0,SONDA VESICAL 20 Fr X 3 VIAS ,0,0,01,SONDA VESICAL 20 Fr X 3 VIAS   ,0,0,0,,,0,02,0,,,,,,,0,0,
2657,IM5102,SONDA VESICAL 22 Fr X 3 VIAS,,,,,1,1,1,,1010240,,,1,,,,,,,03,0,1,0,SONDA VESICAL 22 Fr X 3 VIAS ,0,0,01,SONDA VESICAL 22 Fr X 3 VIAS   ,0,0,0,,,0,02,0,,,,,,,0,0,
2658,IM5103,SONDA LEVING # 12 (Nasogastrica),017,,,,1,1,1,,1010241,,,1,,,,,,,03,0,1,0,SONDA LEVING # 12 (Nasogastrica) ,0,0,,SONDA LEVING # 12 (Nasogastrica) Disp. Med.  ,0,0,0,,,0,01,0,,,0,0,0,0,0,0,
2659,IM5104,SONDA LEVING # 14 (Nasogastrica),017,,,,1,1,1,,1010242,,,1,,,,,,,03,0,1,0,SONDA LEVING # 14 (Nasogastrica) ,0,0,,SONDA LEVING # 14 (Nasogastrica) Disp. Med.  ,0,0,0,,,0,02,0,,,0,0,0,,0,0,
2660,IM5105,CLARITROMICINA,02,500,,31,1,1,0,,J01FA0904,,,1,,,,,,33,01,0,0,0,CLARITROMICINA 500,0,0,,CLARITROMICINA Capsula 500 mg,0,0,0,500,31,8,02,0,,,,,,,0,0,
2661,IM5106,COMPLEJO B (NO POS),018,10,,46,0,1,0,,A11JA01,,,1,,,,,,27,02,1,0,1,COMPLEJO B (NO POS) 10,0,0,,COMPLEJO B (NO POS) Frasco Vial 10 ml,0,0,0,10,46,9,02,0,,,0,0,0,0,0,0,
2663,IM5108,FOLINATO DE CALCIO,012,50,,31,1,1,0,,V03AF015701,,,1,,,,,,40,01,0,0,1,FOLINATO DE CALCIO 50,0,0,,FOLINATO DE CALCIO Polvo para Reconstituir 50 mg,0,0,0,50,31,8,02,0,,,,,,,0,0,
2664,IM5109,LIDOCAINA CLORHIDRATO SIN EPINEFRINA,008,20,,31,1,0,0,,N01BB5203,,,0,,,,,,36,01,0,0,0,LIDOCAINA CLORHIDRATO SIN EPINEFRINA 20,0,0,,LIDOCAINA CLORHIDRATO SIN EPINEFRINA Vial 20 mg,0,0,0,50,46,9,02,0,,,0,0,1,,0,0,
2665,IM5110,N ACETILCISTEINA (NO POS),021,600,,31,0,1,0,,19939035-02,R05CB01,,1,,,,,,38,02,0,0,1,N ACETILCISTEINA (NO POS) 600,0,0,,N ACETILCISTEINA (NO POS) Sobre 600 mg,0,0,0,600,31,8,02,0,,,1,0,0,0,0,0,
2666,IM5111,RECIPIENTE DE SUCCION FLEXIBLE (LINER) de 1 LT,017,,,,1,1,1,,1010243,,,1,,,,,,,03,0,1,0,RECIPIENTE DE SUCCION FLEXIBLE (LINER) de 1 LT ,0,0,,RECIPIENTE DE SUCCION FLEXIBLE (LINER) de 1 LT Disp. Med.  ,0,0,0,,,0,02,0,,,0,0,0,,0,0,
2667,IM5112,MISOPROSTOL (NO POS),016,200,,52,0,1,0,,19914260-3,G02AD065001,,1,,,,,,31,02,0,0,0,MISOPROSTOL (NO POS) 200,0,0,,MISOPROSTOL (NO POS) tabletas orales 200 mcg,0,0,0,200,52,8,02,0,,,0,0,0,0,0,0,
2668,IM5113,SOLUCION SALINA 0.9 % x 500 CC,09,,,,1,1,1,,B05BS004701,,,1,,,,,,28,01,1,1,0,SOLUCION SALINA 0.9 % x 500 CC ,0,0,,SOLUCION SALINA 0.9 % x 500 CC Solucion Inyectable  ,0,0,0,,,0,02,1,,,0,0,0,0,0,0,
2669,IM5114,SOLUCION SALINA 0.9 % x 250 CC ,09,,,,1,1,1,,B05BS004701,,,1,,,,,,28,01,1,1,0,SOLUCION SALINA 0.9 % x 250 CC  ,0,0,,SOLUCION SALINA 0.9 % x 250 CC  Solucion Inyectable  ,0,0,0,,,0,02,0,,,0,0,0,0,0,0,
2670,IM5115,No Existe,008,1,,1,1,0,0,,00000001,00000001,,0,,,,,,31,01,0,0,0,No Existe 1,1,0,,No Existe Vial 1 1,0,0,0,1,1,8,02,0,1,1,,,,,0,0,
2671,IM5116,VIOLETA MONOFILAMENTO (PDS*II) 0-CTX,036,,,,1,1,1,,1010217,,,1,,,,,,,03,0,1,0,VIOLETA MONOFILAMENTO (PDS*II) 0-CTX ,0,0,,VIOLETA MONOFILAMENTO (PDS*II) 0-CTX Sutura  ,0,0,0,,,0,02,0,,,0,0,0,,0,0,
2672,IM5117,VIOLETA MONOFILAMENTO (PDS*II) 2-0-CTX,036,,,,1,1,1,,1010218,,,1,,,,,,,03,0,1,0,VIOLETA MONOFILAMENTO (PDS*II) 2-0-CTX ,0,0,,VIOLETA MONOFILAMENTO (PDS*II) 2-0-CTX Sutura  ,0,0,0,,,0,02,0,,,0,0,0,,0,0,
2673,IM5118,VIOLETA MONOFILAMENTO (PDS*II) 1-CTX,036,,,,1,1,1,,1010219,,,1,,,,,,,03,0,1,0,VIOLETA MONOFILAMENTO (PDS*II) 1-CTX ,0,0,,VIOLETA MONOFILAMENTO (PDS*II) 1-CTX Sutura  ,0,0,0,,,0,02,0,,,0,0,0,,0,0,
2674,IM5119,LEVETIRACETAM,016,1000,,31,1,1,0,,N03AX1401,,,1,,,,,,36,01,0,0,0,LEVETIRACETAM 1000,0,0,,LEVETIRACETAM tabletas orales 1000 mg,0,0,0,1000,31,8,02,0,,,0,0,0,,0,0,
2675,IM5120,ACETAMINOFEN (PARACETAMOL) (NO POS),033,1000,,31,0,1,0,,20048683-1,N02BE01,,1,,,,,,36,02,0,0,0,ACETAMINOFEN (PARACETAMOL) (NO POS) 1000,0,0,,ACETAMINOFEN (PARACETAMOL) (NO POS) Solucion Para Infusion 1000 mg / 100 ml,0,0,0,100,46,9,02,0,100,46,1,0,0,0,0,0,
2676,IM5121,SOLUCION SALINA 0.9 % x 1000 CC,09,,,,1,1,1,,B05BS004701,,,1,,,,,,28,01,1,1,0,SOLUCION SALINA 0.9 % x 1000 CC ,0,0,,SOLUCION SALINA 0.9 % x 1000 CC Solucion Inyectable  ,0,0,0,,,0,02,0,,,0,0,0,0,0,0,
2677,IM5122,LACTATO DE RINGER x 500 ml,09,,,,1,1,1,,B05XR007701,,,1,,,,,,28,01,0,1,0,LACTATO DE RINGER x 500 ml ,0,0,,LACTATO DE RINGER x 500 ml Solucion Inyectable  ,0,0,0,,,0,02,0,,,0,0,0,0,0,0,
2678,IM5123,LACTATO DE RINGER x 1000 ml,09,,,,1,1,1,,B05XR007701,,,1,,,,,,28,01,0,1,0,LACTATO DE RINGER x 1000 ml ,0,0,,LACTATO DE RINGER x 1000 ml Solucion Inyectable  ,0,0,0,,,0,02,0,,,0,0,0,0,0,0,
2679,IM5124,DEXTROSA EN AGUA DESTILADA 5 % x 500 ML,09,,,,1,1,1,,B05BD009701,,,1,,,,,,28,01,1,1,0,DEXTROSA EN AGUA DESTILADA 5 % x 500 ML ,0,0,,DEXTROSA EN AGUA DESTILADA 5 % x 500 ML Solucion Inyectable  ,0,0,0,,,9,02,0,,,0,0,0,0,0,0,
2680,IM5125,DEXTROSA 5% + CLORURO DE SODIO 0.9 % x 500 ML,09,,,,1,1,1,,B05BD010701,,,1,,,,,,28,01,0,1,0,DEXTROSA 5% + CLORURO DE SODIO 0.9 % x 500 ML ,0,0,,DEXTROSA 5% + CLORURO DE SODIO 0.9 % x 500 ML Solucion Inyectable  ,0,0,0,,,0,02,0,,,0,0,0,0,0,0,
2681,IM5126,DEXTROSA EN AGUA DESTILADA 50% x 500 ML,09,,,,1,1,1,,B05BA0304,,,1,,,,,,28,01,0,1,0,DEXTROSA EN AGUA DESTILADA 50% x 500 ML ,0,0,,DEXTROSA EN AGUA DESTILADA 50% x 500 ML Solucion Inyectable  ,0,0,0,,,0,02,0,,,0,0,0,,0,0,
2682,IM5127,CARBETOCINA ,03,100,,52,1,1,0,,19984250-2,H01BB03,,1,,,,,,32,01,0,0,1,CARBETOCINA  100,0,0,,CARBETOCINA  Ampolla 100 mcg / 1 ml,0,0,0,1,46,9,02,0,1,46,0,0,0,0,0,0,
2683,IM5128,ONDANSETRON,03,4,,31,1,1,0,,A04AA0101,,,1,,,,,,27,01,0,0,1,ONDANSETRON 4,0,0,,ONDANSETRON Ampolla 4 mg / 2 ml,0,0,0,2,46,9,02,0,2,46,0,0,0,0,0,0,
2684,IM5129,ONDANSETRON,03,8,,31,1,1,0,,A04AA0101,,,1,,,,,,27,01,0,0,1,ONDANSETRON 8,0,0,,ONDANSETRON Ampolla 8 mg / 4 ml,0,0,0,4,46,9,02,0,4,46,0,0,0,0,0,0,
2685,IM5130,misoPROSTOL (NO POS),015,200,,52,0,1,0,,20010043-9,G02AD065001,,1,,,,,,31,02,0,0,0,misoPROSTOL (NO POS) 200,0,0,,misoPROSTOL (NO POS) tabletas vaginales 200 mcg,0,0,0,200,52,8,02,0,,,0,0,0,0,0,0,
2686,IM5131,NEVIRAPINA (UCIN),029,50,,31,1,1,0,,J05AG0101,,,0,,,,,,33,01,0,0,0,NEVIRAPINA (UCIN) 50,0,0,,NEVIRAPINA (UCIN) Suspension Oral 50 mg / 5 ml,0,0,0,240,46,9,02,0,5,46,0,0,0,,0,0,
2687,IM5132,VALVULA ANTIREFLUJO SIMPLE (UCIN),017,,,,1,1,1,,,,,1,,,,,,,03,0,0,0,VALVULA ANTIREFLUJO SIMPLE (UCIN) ,0,0,,VALVULA ANTIREFLUJO SIMPLE (UCIN) Dispositivo Medico  ,0,0,0,,,0,02,0,,,,,,,0,0,
2688,IM5133,ADAPTADOR PARA VALVULA ANTIREFLUJO (UCIN),017,,,,1,1,1,,2017401,,,1,,,,,,,03,0,0,0,ADAPTADOR PARA VALVULA ANTIREFLUJO (UCIN) ,0,0,,ADAPTADOR PARA VALVULA ANTIREFLUJO (UCIN) Dispositivo Medico  ,0,0,0,,,0,02,0,,,,,,,0,0,
2689,IM5134,AGUJA HIPODERMICA DESECHABLE #18 (UCIN),017,,,,1,1,1,,2017302,,,1,,,,,,,03,0,0,0,AGUJA HIPODERMICA DESECHABLE #18 (UCIN) ,0,0,,AGUJA HIPODERMICA DESECHABLE #18 (UCIN) Dispositivo Medico  ,0,0,0,,,0,02,0,,,,,,,0,0,
2690,IM5135,AGUJA HIPODERMICA DESECHABLE #21 (UCIN),017,,,,1,1,1,,2010103,,,1,,,,,,,03,0,0,0,AGUJA HIPODERMICA DESECHABLE #21 (UCIN) ,0,0,,AGUJA HIPODERMICA DESECHABLE #21 (UCIN) Dispositivo Medico  ,0,0,0,,,0,02,0,,,,,,,0,0,
2691,IM5136,AGUJA HIPODERMICA DESECHABLE #23 (UCIN),017,,,,1,1,1,,2010205,,,1,,,,,,,03,0,0,0,AGUJA HIPODERMICA DESECHABLE #23 (UCIN) ,0,0,,AGUJA HIPODERMICA DESECHABLE #23 (UCIN) Dispositivo Medico  ,0,0,0,,,0,02,0,,,,,,,0,0,
2692,IM5137,AGUJA HIPODERMICA DESECHABLE #25 (UCIN),017,,,,1,1,1,,2010301,,,1,,,,,,,03,0,0,0,AGUJA HIPODERMICA DESECHABLE #25 (UCIN) ,0,0,,AGUJA HIPODERMICA DESECHABLE #25 (UCIN) Dispositivo Medico  ,0,0,0,,,0,02,0,,,,,,,0,0,
2693,IM5138,VENDAS DE ALGODON LAMINADO 3X5 (UCIN),017,,,,1,1,1,,,,,1,,,,,,,03,0,0,0,VENDAS DE ALGODON LAMINADO 3X5 (UCIN) ,0,0,,VENDAS DE ALGODON LAMINADO 3X5 (UCIN) Dispositivo Medico  ,0,0,0,,,0,02,0,,,,,,,0,0,
2694,IM5139,AMBU DESECHABLE NEONATAL (UCIN),017,,,,1,1,1,,2020401,,,1,,,,,,,03,0,0,0,AMBU DESECHABLE NEONATAL (UCIN) ,0,0,,AMBU DESECHABLE NEONATAL (UCIN) Dispositivo Medico  ,0,0,0,,,0,02,0,,,,,,,0,0,
2695,IM5140,BOLSA RECOLECTORA DE ORINA PEDIATRICA (UCIN),017,,,,1,1,1,,,,,1,,,,,,,03,0,0,0,BOLSA RECOLECTORA DE ORINA PEDIATRICA (UCIN) ,0,0,,BOLSA RECOLECTORA DE ORINA PEDIATRICA (UCIN) Dispositivo Medico  ,0,0,0,,,0,02,0,,,,,,,0,0,
2696,IM5141,BURETROL (UCIN),017,,,,1,1,1,,2010504,,,1,,,,,,,03,0,0,0,BURETROL (UCIN) ,0,0,,BURETROL (UCIN) Dispositivo Medico  ,0,0,0,,,0,02,0,,,,,,,0,0,
2697,IM5142,CANULA NASAL EXTRASUAVE NEONATAL (UCIN),017,,,,1,1,1,,,,,1,,,,,,,03,0,0,0,CANULA NASAL EXTRASUAVE NEONATAL (UCIN) ,0,0,,CANULA NASAL EXTRASUAVE NEONATAL (UCIN) Dispositivo Medico  ,0,0,0,,,0,02,0,,,,,,,0,0,
2698,IM5143,CATETER CENTRAL BILUMEN PEDIATRICO 4 FR X 8 CM (UCIN),017,,,,1,1,1,,2017501,,,1,,,,,,,03,0,0,0,CATETER CENTRAL BILUMEN PEDIATRICO 4 FR X 8 CM (UCIN) ,0,0,,CATETER CENTRAL BILUMEN PEDIATRICO 4 FR X 8 CM (UCIN) Dispositivo Medico  ,0,0,0,,,0,02,0,,,,,,,0,0,
2699,IM5144,CATETER CENTRAL NUTRILINE 3FR 19GX30CM (UCIN),017,,,,1,1,1,,2017001,,,1,,,,,,,03,0,0,0,CATETER CENTRAL NUTRILINE 3FR 19GX30CM (UCIN) ,0,0,,CATETER CENTRAL NUTRILINE 3FR 19GX30CM (UCIN) Dispositivo Medico  ,0,0,0,,,0,02,0,,,,,,,0,0,
2700,IM5145,CATETER EPICUTANEO CAVA 2 FR 24GX30CM ,017,,,,1,0,1,,,,,0,,,,,,,03,0,0,0,CATETER EPICUTANEO CAVA 2 FR 24GX30CM  ,0,0,,CATETER EPICUTANEO CAVA 2 FR 24GX30CM  Disp. Med.  ,0,0,0,,,0,02,0,,,0,0,0,,0,0,
2701,IM5146,CATETER EPICUTANEO PREMICATH 28G(1FR)X20CM (UCIN),017,,,,1,1,1,,2010701,,,1,,,,,,,03,0,0,0,CATETER EPICUTANEO PREMICATH 28G(1FR)X20CM (UCIN) ,0,0,,CATETER EPICUTANEO PREMICATH 28G(1FR)X20CM (UCIN) Dispositivo Medico  ,0,0,0,,,0,02,0,,,,,,,0,0,
2702,IM5147,CATETER EPICUTANEO NUTRILINE TWINFLO 24G(2FR)X30CM (UCIN),017,,,,1,1,1,,2010801,,,1,,,,,,,03,0,0,0,CATETER EPICUTANEO NUTRILINE TWINFLO 24G(2FR)X30CM (UCIN) ,0,0,,CATETER EPICUTANEO NUTRILINE TWINFLO 24G(2FR)X30CM (UCIN) Dispositivo Medico  ,0,0,0,,,0,02,0,,,,,,,0,0,
2703,IM5148,CATETER HIPODERMICO #18 (ABOCATH) (UCIN),017,,,,1,1,1,,2010901,,,1,,,,,,,03,0,0,0,CATETER HIPODERMICO #18 (ABOCATH) (UCIN) ,0,0,,CATETER HIPODERMICO #18 (ABOCATH) (UCIN) Dispositivo Medico  ,0,0,0,,,0,02,0,,,,,,,0,0,
2704,IM5149,CATETER HIPODERMICO #20 (ABOCATH) (UCIN),017,,,,1,1,1,,2011001,,,1,,,,,,,03,0,0,0,CATETER HIPODERMICO #20 (ABOCATH) (UCIN) ,0,0,,CATETER HIPODERMICO #20 (ABOCATH) (UCIN) Dispositivo Medico  ,0,0,0,,,0,02,0,,,,,,,0,0,
2705,IM5150,CATETER HIPODERMICO #22 (ABOCATH) (UCIN),017,,,,1,1,1,,2011101,,,1,,,,,,,03,0,0,0,CATETER HIPODERMICO #22 (ABOCATH) (UCIN) ,0,0,,CATETER HIPODERMICO #22 (ABOCATH) (UCIN) Dispositivo Medico  ,0,0,0,,,0,02,0,,,,,,,0,0,
2706,IM5151,CATETER HIPODERMICO #24 (ABOCATH) (UCIN),017,,,,1,1,1,,2011201,,,1,,,,,,,03,0,0,0,CATETER HIPODERMICO #24 (ABOCATH) (UCIN) ,0,0,,CATETER HIPODERMICO #24 (ABOCATH) (UCIN) Dispositivo Medico  ,0,0,0,,,0,02,0,,,,,,,0,0,
2707,IM5152,DRENAJE PLEURAL CON TROCART (CATETER TORAXICO) 2.5MM (08F)/8CM (UCIN),017,,,,1,1,1,,2015901,,,1,,,,,,,03,0,0,0,DRENAJE PLEURAL CON TROCART (CATETER TORAXICO) 2.5MM (08F)/8CM (UCIN) ,0,0,,DRENAJE PLEURAL CON TROCART (CATETER TORAXICO) 2.5MM (08F)/8CM (UCIN) Dispositivo Medico  ,0,0,0,,,0,02,0,,,,,,,0,0,
2708,IM5153,CATETER UMBILICAL 2.5FR (UCIN),017,,,,1,1,1,,2011401,,,1,,,,,,,03,0,0,0,CATETER UMBILICAL 2.5FR (UCIN) ,0,0,,CATETER UMBILICAL 2.5FR (UCIN) Dispositivo Medico  ,0,0,0,,,0,02,0,,,,,,,0,0,
2709,IM5154,CATETER UMBILICAL 3.5 FR (UCIN),017,,,,1,1,1,,2011501,,,1,,,,,,,03,0,0,0,CATETER UMBILICAL 3.5 FR (UCIN) ,0,0,,CATETER UMBILICAL 3.5 FR (UCIN) Dispositivo Medico  ,0,0,0,,,0,02,0,,,,,,,0,0,
2710,IM5155,CATETER UMBILICAL 4 FR (UCIN),017,,,,1,1,1,,2011602,,,1,,,,,,,03,0,0,0,CATETER UMBILICAL 4 FR (UCIN) ,0,0,,CATETER UMBILICAL 4 FR (UCIN) Dispositivo Medico  ,0,0,0,,,0,02,0,,,,,,,0,0,
2711,IM5156,CATETER UMBILICAL 5 FR (UCIN),017,,,,1,1,1,,2011701,,,1,,,,,,,03,0,0,0,CATETER UMBILICAL 5 FR (UCIN) ,0,0,,CATETER UMBILICAL 5 FR (UCIN) Dispositivo Medico  ,0,0,0,,,0,02,0,,,,,,,0,0,
2712,IM5157,CATETER UMBILICAL 6 FR (UCIN),017,,,,1,1,1,,2016801,,,1,,,,,,,03,0,0,0,CATETER UMBILICAL 6 FR (UCIN) ,0,0,,CATETER UMBILICAL 6 FR (UCIN) Dispositivo Medico  ,0,0,0,,,0,02,0,,,,,,,0,0,
2713,IM5158,CATETER UMBILICAL 8 FR (UCIN),017,,,,1,1,1,,2016901,,,1,,,,,,,03,0,0,0,CATETER UMBILICAL 8 FR (UCIN) ,0,0,,CATETER UMBILICAL 8 FR (UCIN) Dispositivo Medico  ,0,0,0,,,0,02,0,,,,,,,0,0,
2714,IM5159,CIRCUITO DE VENTILACION DE ALTA FRECUENCIA (UCIN),017,,,,1,1,1,,,,,1,,,,,,,03,0,0,0,CIRCUITO DE VENTILACION DE ALTA FRECUENCIA (UCIN) ,0,0,,CIRCUITO DE VENTILACION DE ALTA FRECUENCIA (UCIN) Dispositivo Medico  ,0,0,0,,,0,02,0,,,,,,,0,0,
2715,IM5160,CIRCUITO DE VENTILACION NEONATAL (UCIN),017,,,,1,1,1,,2021201,,,1,,,,,,,03,0,0,0,CIRCUITO DE VENTILACION NEONATAL (UCIN) ,0,0,,CIRCUITO DE VENTILACION NEONATAL (UCIN) Dispositivo Medico  ,0,0,0,,,0,02,0,,,,,,,0,0,
2716,IM5161,ELECTRODOS PEDIATRICOS (UCIN),017,,,,1,1,1,,2015501,,,1,,,,,,,03,0,0,0,ELECTRODOS PEDIATRICOS (UCIN) ,0,0,,ELECTRODOS PEDIATRICOS (UCIN) Dispositivo Medico  ,0,0,0,,,0,02,0,,,,,,,0,0,
2717,IM5162,EQUIPO DE TRANSFUSION DE SANGRE (UCIN),017,,,,1,1,1,,2011804,,,1,,,,,,,03,0,0,0,EQUIPO DE TRANSFUSION DE SANGRE (UCIN) ,0,0,,EQUIPO DE TRANSFUSION DE SANGRE (UCIN) Dispositivo Medico  ,0,0,0,,,0,02,0,,,,,,,0,0,
2718,IM5163,EQUIPO DE MACROGOTEO (UCIN),017,,,,1,1,1,,2011904,,,1,,,,,,,03,0,0,0,EQUIPO DE MACROGOTEO (UCIN) ,0,0,,EQUIPO DE MACROGOTEO (UCIN) Dispositivo Medico  ,0,0,0,,,0,02,0,,,,,,,0,0,
2719,IM5164,EQUIPO DE MACROGOTEO FOTOSENSIBLE (UCIN),017,,,,1,1,1,,2012102,,,1,,,,,,,03,0,0,0,EQUIPO DE MACROGOTEO FOTOSENSIBLE (UCIN) ,0,0,,EQUIPO DE MACROGOTEO FOTOSENSIBLE (UCIN) Dispositivo Medico  ,0,0,0,,,0,02,0,,,,,,,0,0,
2720,IM5165,EQUIPO DE MICROGOTEO (UCIN),017,,,,1,1,1,,2012001,,,1,,,,,,,03,0,0,0,EQUIPO DE MICROGOTEO (UCIN) ,0,0,,EQUIPO DE MICROGOTEO (UCIN) Dispositivo Medico  ,0,0,0,,,0,02,0,,,,,,,0,0,
2721,IM5166,GUANTES ESTERILES #6.5 X PAR (UCIN),017,,,,1,1,1,,2022201,,,1,,,,,,,03,0,0,0,GUANTES ESTERILES #6.5 X PAR (UCIN) ,0,0,,GUANTES ESTERILES #6.5 X PAR (UCIN) Dispositivo Medico  ,0,0,0,,,0,02,0,,,,,,,0,0,
2722,IM5167,GUANTES ESTERILES #7 X PAR (UCIN),017,,,,1,1,1,,2022401,,,1,,,,,,,03,0,0,0,GUANTES ESTERILES #7 X PAR (UCIN) ,0,0,,GUANTES ESTERILES #7 X PAR (UCIN) Dispositivo Medico  ,0,0,0,,,0,02,0,,,,,,,0,0,
2723,IM5168,GUANTES ESTERILES #7.5 X PAR (UCIN),017,,,,1,1,1,,2022301,,,1,,,,,,,03,0,0,0,GUANTES ESTERILES #7.5 X PAR (UCIN) ,0,0,,GUANTES ESTERILES #7.5 X PAR (UCIN) Dispositivo Medico  ,0,0,0,,,0,02,0,,,,,,,0,0,
2724,IM5169,GUANTES ESTERILES #8 X PAR (UCIN),017,,,,1,1,1,,2022501,,,1,,,,,,,03,0,0,0,GUANTES ESTERILES #8 X PAR (UCIN) ,0,0,,GUANTES ESTERILES #8 X PAR (UCIN) Dispositivo Medico  ,0,0,0,,,0,02,0,,,,,,,0,0,
2725,IM5170,GUANTES ESTERILES #8.5 X PAR (UCIN),017,,,,1,1,1,,2022602,,,1,,,,,,,03,0,0,0,GUANTES ESTERILES #8.5 X PAR (UCIN) ,0,0,,GUANTES ESTERILES #8.5 X PAR (UCIN) Dispositivo Medico  ,0,0,0,,,0,02,0,,,,,,,0,0,
2726,IM5171,HUMIDIFICADOR SIMPLE (UCIN),017,,,,1,1,1,,2012201,,,1,,,,,,,03,0,0,0,HUMIDIFICADOR SIMPLE (UCIN) ,0,0,,HUMIDIFICADOR SIMPLE (UCIN) Dispositivo Medico  ,0,0,0,,,0,02,0,,,,,,,0,0,
